experiment,run_id,artifact_dir,manifest_path,git_sha,microalpha_version,python,platform,seed,config_path,config_sha256,dataset_id,unsafe_execution,unsafe_reasons,run_invalid,integrity_path,selection_window_start,selection_window_end,holdout_start,holdout_end,selected_model,holdout_metrics_path,holdout_manifest_path,headline_sharpe_ratio,headline_cagr,headline_max_drawdown,headline_ann_vol,headline_total_turnover,headline_traded_days,headline_num_trades,headline_final_equity
flagship_single,2025-10-26T05-41-06Z-0c9e68d,artifacts/flagship_single/2025-10-26T05-41-06Z-0c9e68d,artifacts/flagship_single/2025-10-26T05-41-06Z-0c9e68d/manifest.json,0c9e68d9bf7ce2d7758357f83a81dc96f74d7181,0.1.0,"3.12.2 (v3.12.2:6abddd9f6a, Feb  6 2024, 17:02:06) [Clang 13.0.0 (clang-1300.0.29.30)]",macOS-26.0.1-arm64-arm-64bit,42,configs/flagship_mom.yaml,5b72fe8abbeef85cd61718d29989c3f61322272d251c3796cc6315eef36b01f3,,,,,,,,,,,,,,,,,,,,
flagship_single,2025-10-26T05-42-03Z-0c9e68d,artifacts/flagship_single/2025-10-26T05-42-03Z-0c9e68d,artifacts/flagship_single/2025-10-26T05-42-03Z-0c9e68d/manifest.json,0c9e68d9bf7ce2d7758357f83a81dc96f74d7181,0.1.0,"3.12.2 (v3.12.2:6abddd9f6a, Feb  6 2024, 17:02:06) [Clang 13.0.0 (clang-1300.0.29.30)]",macOS-26.0.1-arm64-arm-64bit,42,configs/flagship_mom.yaml,5b72fe8abbeef85cd61718d29989c3f61322272d251c3796cc6315eef36b01f3,,,,,,,,,,,,,,,,,,,,
flagship_single,2025-10-26T05-42-28Z-0c9e68d,artifacts/flagship_single/2025-10-26T05-42-28Z-0c9e68d,artifacts/flagship_single/2025-10-26T05-42-28Z-0c9e68d/manifest.json,0c9e68d9bf7ce2d7758357f83a81dc96f74d7181,0.1.0,"3.12.2 (v3.12.2:6abddd9f6a, Feb  6 2024, 17:02:06) [Clang 13.0.0 (clang-1300.0.29.30)]",macOS-26.0.1-arm64-arm-64bit,42,configs/flagship_mom.yaml,5b72fe8abbeef85cd61718d29989c3f61322272d251c3796cc6315eef36b01f3,,,,,,,,,,,,,,,,,,,,
flagship_single,2025-10-26T05-52-40Z-0c9e68d,artifacts/flagship_single/2025-10-26T05-52-40Z-0c9e68d,artifacts/flagship_single/2025-10-26T05-52-40Z-0c9e68d/manifest.json,0c9e68d9bf7ce2d7758357f83a81dc96f74d7181,0.1.0,"3.12.2 (v3.12.2:6abddd9f6a, Feb  6 2024, 17:02:06) [Clang 13.0.0 (clang-1300.0.29.30)]",macOS-26.0.1-arm64-arm-64bit,42,configs/flagship_mom.yaml,5b72fe8abbeef85cd61718d29989c3f61322272d251c3796cc6315eef36b01f3,,,,,,,,,,,,,,,,,,,,
flagship_single,2025-10-26T06-13-39Z-0c9e68d,artifacts/flagship_single/2025-10-26T06-13-39Z-0c9e68d,artifacts/flagship_single/2025-10-26T06-13-39Z-0c9e68d/manifest.json,0c9e68d9bf7ce2d7758357f83a81dc96f74d7181,0.1.0,"3.12.2 (v3.12.2:6abddd9f6a, Feb  6 2024, 17:02:06) [Clang 13.0.0 (clang-1300.0.29.30)]",macOS-26.0.1-arm64-arm-64bit,42,configs/flagship_mom.yaml,5b72fe8abbeef85cd61718d29989c3f61322272d251c3796cc6315eef36b01f3,,,,,,,,,,,,,,,,,,,,
flagship_single,2025-10-26T06-24-56Z-0c9e68d,artifacts/flagship_single/2025-10-26T06-24-56Z-0c9e68d,artifacts/flagship_single/2025-10-26T06-24-56Z-0c9e68d/manifest.json,0c9e68d9bf7ce2d7758357f83a81dc96f74d7181,0.1.0,"3.12.2 (v3.12.2:6abddd9f6a, Feb  6 2024, 17:02:06) [Clang 13.0.0 (clang-1300.0.29.30)]",macOS-26.0.1-arm64-arm-64bit,42,configs/flagship_mom.yaml,f1f1eeaed2ef3344c90a25c84763be053d79a037200192e95cf6dafa502e4f3b,,,,,,,,,,,,,,,,,,,,
flagship_single,2025-10-26T06-36-12Z-0c9e68d,artifacts/flagship_single/2025-10-26T06-36-12Z-0c9e68d,artifacts/flagship_single/2025-10-26T06-36-12Z-0c9e68d/manifest.json,0c9e68d9bf7ce2d7758357f83a81dc96f74d7181,0.1.0,"3.12.2 (v3.12.2:6abddd9f6a, Feb  6 2024, 17:02:06) [Clang 13.0.0 (clang-1300.0.29.30)]",macOS-26.0.1-arm64-arm-64bit,42,configs/flagship_mom.yaml,f1f1eeaed2ef3344c90a25c84763be053d79a037200192e95cf6dafa502e4f3b,,,,,,,,,,,,,,,,,,,,
flagship_single,2025-10-26T06-47-27Z-0c9e68d,artifacts/flagship_single/2025-10-26T06-47-27Z-0c9e68d,artifacts/flagship_single/2025-10-26T06-47-27Z-0c9e68d/manifest.json,0c9e68d9bf7ce2d7758357f83a81dc96f74d7181,0.1.0,"3.12.2 (v3.12.2:6abddd9f6a, Feb  6 2024, 17:02:06) [Clang 13.0.0 (clang-1300.0.29.30)]",macOS-26.0.1-arm64-arm-64bit,42,configs/flagship_mom.yaml,1a1d7cea4e1775e30d9f7bf194703c467fccf6c32cc030bfa30c512821f3e28d,,,,,,,,,,,,,,,,,,,,
flagship_single,2025-10-26T06-57-37Z-0c9e68d,artifacts/flagship_single/2025-10-26T06-57-37Z-0c9e68d,artifacts/flagship_single/2025-10-26T06-57-37Z-0c9e68d/manifest.json,0c9e68d9bf7ce2d7758357f83a81dc96f74d7181,0.1.0,"3.12.2 (v3.12.2:6abddd9f6a, Feb  6 2024, 17:02:06) [Clang 13.0.0 (clang-1300.0.29.30)]",macOS-26.0.1-arm64-arm-64bit,42,configs/flagship_mom.yaml,1a1d7cea4e1775e30d9f7bf194703c467fccf6c32cc030bfa30c512821f3e28d,,,,,,,,,,,,,,,,,,,,
flagship_single,2025-10-26T07-20-36Z-0c9e68d,artifacts/flagship_single/2025-10-26T07-20-36Z-0c9e68d,artifacts/flagship_single/2025-10-26T07-20-36Z-0c9e68d/manifest.json,0c9e68d9bf7ce2d7758357f83a81dc96f74d7181,0.1.0,"3.12.2 (v3.12.2:6abddd9f6a, Feb  6 2024, 17:02:06) [Clang 13.0.0 (clang-1300.0.29.30)]",macOS-26.0.1-arm64-arm-64bit,42,configs/flagship_mom.yaml,ec20bbb7da50ebba6fcf32e7f5b1bb0237098774000c5cace91a6290b7980d6a,,,,,,,,,,,,,,,,,,,,
flagship_single,2025-10-26T07-39-28Z-0c9e68d,artifacts/flagship_single/2025-10-26T07-39-28Z-0c9e68d,artifacts/flagship_single/2025-10-26T07-39-28Z-0c9e68d/manifest.json,0c9e68d9bf7ce2d7758357f83a81dc96f74d7181,0.1.0,"3.12.2 (v3.12.2:6abddd9f6a, Feb  6 2024, 17:02:06) [Clang 13.0.0 (clang-1300.0.29.30)]",macOS-26.0.1-arm64-arm-64bit,42,configs/flagship_mom.yaml,160a15e98bc517b7038cd26fe0f62c61b3cfb1df6ed97988d75a4924eb743328,,,,,,,,,,,,,,,,,,,,
flagship_single,2025-10-26T08-41-05Z-0c9e68d,artifacts/flagship_single/2025-10-26T08-41-05Z-0c9e68d,artifacts/flagship_single/2025-10-26T08-41-05Z-0c9e68d/manifest.json,0c9e68d9bf7ce2d7758357f83a81dc96f74d7181,0.1.0,"3.12.2 (v3.12.2:6abddd9f6a, Feb  6 2024, 17:02:06) [Clang 13.0.0 (clang-1300.0.29.30)]",macOS-26.0.1-arm64-arm-64bit,42,configs/flagship_mom.yaml,ff4b55ba590fe2d6d1bda53eb14ebf21f1da52f92229faabb242cab8c399dae3,,,,,,,,,,,,,,,,,,,,
flagship_single,2025-10-26T15-11-32Z-0c9e68d,artifacts/flagship_single/2025-10-26T15-11-32Z-0c9e68d,artifacts/flagship_single/2025-10-26T15-11-32Z-0c9e68d/manifest.json,0c9e68d9bf7ce2d7758357f83a81dc96f74d7181,0.1.0,"3.12.2 (v3.12.2:6abddd9f6a, Feb  6 2024, 17:02:06) [Clang 13.0.0 (clang-1300.0.29.30)]",macOS-26.0.1-arm64-arm-64bit,42,configs/flagship_mom.yaml,ff4b55ba590fe2d6d1bda53eb14ebf21f1da52f92229faabb242cab8c399dae3,,,,,,,,,,,,,,,,,,,,
flagship_single,2025-10-26T16-00-03Z-0c9e68d,artifacts/flagship_single/2025-10-26T16-00-03Z-0c9e68d,artifacts/flagship_single/2025-10-26T16-00-03Z-0c9e68d/manifest.json,0c9e68d9bf7ce2d7758357f83a81dc96f74d7181,0.1.0,"3.12.2 (v3.12.2:6abddd9f6a, Feb  6 2024, 17:02:06) [Clang 13.0.0 (clang-1300.0.29.30)]",macOS-26.0.1-arm64-arm-64bit,42,configs/flagship_mom.yaml,ff4b55ba590fe2d6d1bda53eb14ebf21f1da52f92229faabb242cab8c399dae3,,,,,,,,,,,,,,,,,,,,
flagship_single,2025-10-26T19-20-30Z-0c9e68d,artifacts/flagship_single/2025-10-26T19-20-30Z-0c9e68d,artifacts/flagship_single/2025-10-26T19-20-30Z-0c9e68d/manifest.json,0c9e68d9bf7ce2d7758357f83a81dc96f74d7181,0.1.0,"3.12.2 (v3.12.2:6abddd9f6a, Feb  6 2024, 17:02:06) [Clang 13.0.0 (clang-1300.0.29.30)]",macOS-26.0.1-arm64-arm-64bit,42,configs/flagship_mom.yaml,ff4b55ba590fe2d6d1bda53eb14ebf21f1da52f92229faabb242cab8c399dae3,,,,,,,,,,,,,,,,,,,,
mm_lob_same_tick,2025-12-23T22-00-05Z-ba5b480,artifacts/mm_lob_same_tick/2025-12-23T22-00-05Z-ba5b480,artifacts/mm_lob_same_tick/2025-12-23T22-00-05Z-ba5b480/manifest.json,ba5b48089091f6a858b065dd3a388b467dd67984,0.1.0,"3.12.2 (v3.12.2:6abddd9f6a, Feb  6 2024, 17:02:06) [Clang 13.0.0 (clang-1300.0.29.30)]",macOS-26.0.1-arm64-arm-64bit,321,configs/mm_lob_same_tick.yaml,903879c3767170bf815f4efbe3d5c090b8352dce6a2c9ea634a8f4f458f2c8ce,,true,"[""same_bar_fills_enabled""]",false,artifacts/mm_lob_same_tick/2025-12-23T22-00-05Z-ba5b480/integrity.json,,,,,,,,,,,,,,,
sample_flagship,2025-10-30T18-04-23Z-b2dcbb6,artifacts/sample_flagship/2025-10-30T18-04-23Z-b2dcbb6,artifacts/sample_flagship/2025-10-30T18-04-23Z-b2dcbb6/manifest.json,b2dcbb6236d44eb1cfcec22dd9120eba0eec5653,0.1.0,"3.12.2 (v3.12.2:6abddd9f6a, Feb  6 2024, 17:02:06) [Clang 13.0.0 (clang-1300.0.29.30)]",macOS-26.0.1-arm64-arm-64bit,123,configs/flagship_sample.yaml,c2cf8578eb736c050dbe5d89eb6db276feca7ec3af9aaba373945fd52bcc8e33,,,,,,,,,,,,,,,,,,,,
sample_flagship,2025-10-30T18-36-10Z-a4ab8e7,artifacts/sample_flagship/2025-10-30T18-36-10Z-a4ab8e7,artifacts/sample_flagship/2025-10-30T18-36-10Z-a4ab8e7/manifest.json,a4ab8e7d0a2c0e97efb39c18683ae38d690194b8,0.1.0,"3.12.2 (v3.12.2:6abddd9f6a, Feb  6 2024, 17:02:06) [Clang 13.0.0 (clang-1300.0.29.30)]",macOS-26.0.1-arm64-arm-64bit,123,configs/flagship_sample.yaml,c2cf8578eb736c050dbe5d89eb6db276feca7ec3af9aaba373945fd52bcc8e33,,,,,,,,,,,,,,,,,,,,
sample_flagship,2025-10-30T18-39-31Z-a4ab8e7,artifacts/sample_flagship/2025-10-30T18-39-31Z-a4ab8e7,artifacts/sample_flagship/2025-10-30T18-39-31Z-a4ab8e7/manifest.json,a4ab8e7d0a2c0e97efb39c18683ae38d690194b8,0.1.0,"3.12.2 (v3.12.2:6abddd9f6a, Feb  6 2024, 17:02:06) [Clang 13.0.0 (clang-1300.0.29.30)]",macOS-26.0.1-arm64-arm-64bit,123,configs/flagship_sample.yaml,c2cf8578eb736c050dbe5d89eb6db276feca7ec3af9aaba373945fd52bcc8e33,,,,,,,,,,,,,,,,,,,,
sample_flagship,2025-12-20T23-30-48Z-f8b316f,artifacts/sample_flagship/2025-12-20T23-30-48Z-f8b316f,artifacts/sample_flagship/2025-12-20T23-30-48Z-f8b316f/manifest.json,f8b316fe22aa42242bd7a2c7a7971fefb2d58a3f,0.1.0,"3.12.2 (v3.12.2:6abddd9f6a, Feb  6 2024, 17:02:06) [Clang 13.0.0 (clang-1300.0.29.30)]",macOS-26.0.1-arm64-arm-64bit,123,configs/flagship_sample.yaml,c2cf8578eb736c050dbe5d89eb6db276feca7ec3af9aaba373945fd52bcc8e33,,,,,,,,,,,,,,,,,,,,
sample_flagship,2025-12-23T21-59-20Z-ba5b480,artifacts/sample_flagship/2025-12-23T21-59-20Z-ba5b480,artifacts/sample_flagship/2025-12-23T21-59-20Z-ba5b480/manifest.json,ba5b48089091f6a858b065dd3a388b467dd67984,0.1.0,"3.12.2 (v3.12.2:6abddd9f6a, Feb  6 2024, 17:02:06) [Clang 13.0.0 (clang-1300.0.29.30)]",macOS-26.0.1-arm64-arm-64bit,123,configs/flagship_sample.yaml,c2cf8578eb736c050dbe5d89eb6db276feca7ec3af9aaba373945fd52bcc8e33,,false,[],false,artifacts/sample_flagship/2025-12-23T21-59-20Z-ba5b480/integrity.json,,,,,,,,,,,,,,,
sample_flagship_new,2025-11-12T00-49-57Z-65187e4,artifacts/sample_flagship_new/2025-11-12T00-49-57Z-65187e4,artifacts/sample_flagship_new/2025-11-12T00-49-57Z-65187e4/manifest.json,65187e44169e7bf779ad538ad8b316b0f10d90b1,0.1.0,"3.12.2 (v3.12.2:6abddd9f6a, Feb  6 2024, 17:02:06) [Clang 13.0.0 (clang-1300.0.29.30)]",macOS-26.0.1-arm64-arm-64bit,123,configs/flagship_sample.yaml,c2cf8578eb736c050dbe5d89eb6db276feca7ec3af9aaba373945fd52bcc8e33,,,,,,,,,,,,,,,,,,,,
sample_wfv,2025-10-30T18-04-06Z-b2dcbb6,artifacts/sample_wfv/2025-10-30T18-04-06Z-b2dcbb6,artifacts/sample_wfv/2025-10-30T18-04-06Z-b2dcbb6/manifest.json,b2dcbb6236d44eb1cfcec22dd9120eba0eec5653,0.1.0,"3.12.2 (v3.12.2:6abddd9f6a, Feb  6 2024, 17:02:06) [Clang 13.0.0 (clang-1300.0.29.30)]",macOS-26.0.1-arm64-arm-64bit,321,configs/wfv_flagship_sample.yaml,2ed595b438a01052f3e29e629b1081804e66d46655017f7d8248170d69380fea,,,,,,,,,,,,,,,,,,,,
sample_wfv,2025-10-30T18-36-27Z-a4ab8e7,artifacts/sample_wfv/2025-10-30T18-36-27Z-a4ab8e7,artifacts/sample_wfv/2025-10-30T18-36-27Z-a4ab8e7/manifest.json,a4ab8e7d0a2c0e97efb39c18683ae38d690194b8,0.1.0,"3.12.2 (v3.12.2:6abddd9f6a, Feb  6 2024, 17:02:06) [Clang 13.0.0 (clang-1300.0.29.30)]",macOS-26.0.1-arm64-arm-64bit,321,configs/wfv_flagship_sample.yaml,2ed595b438a01052f3e29e629b1081804e66d46655017f7d8248170d69380fea,,,,,,,,,,,,,,,,,,,,
sample_wfv,2025-10-30T18-39-47Z-a4ab8e7,artifacts/sample_wfv/2025-10-30T18-39-47Z-a4ab8e7,artifacts/sample_wfv/2025-10-30T18-39-47Z-a4ab8e7/manifest.json,a4ab8e7d0a2c0e97efb39c18683ae38d690194b8,0.1.0,"3.12.2 (v3.12.2:6abddd9f6a, Feb  6 2024, 17:02:06) [Clang 13.0.0 (clang-1300.0.29.30)]",macOS-26.0.1-arm64-arm-64bit,321,configs/wfv_flagship_sample.yaml,2ed595b438a01052f3e29e629b1081804e66d46655017f7d8248170d69380fea,,,,,,,,,,,,,,,,,,,,
sample_wfv,2025-12-22T20-58-20Z-42f98d7,artifacts/sample_wfv/2025-12-22T20-58-20Z-42f98d7,artifacts/sample_wfv/2025-12-22T20-58-20Z-42f98d7/manifest.json,42f98d78fd659b5dcdec27b480bf669a10c66abc,0.1.0,"3.12.2 (v3.12.2:6abddd9f6a, Feb  6 2024, 17:02:06) [Clang 13.0.0 (clang-1300.0.29.30)]",macOS-26.0.1-arm64-arm-64bit,321,configs/wfv_flagship_sample.yaml,2ed595b438a01052f3e29e629b1081804e66d46655017f7d8248170d69380fea,,,,,,2020-01-02,2021-12-31,,,skip_months=1|top_frac=0.3500,,,,,,,,,,
sample_wfv,2025-12-23T18-39-59Z-82c14dc,artifacts/sample_wfv/2025-12-23T18-39-59Z-82c14dc,artifacts/sample_wfv/2025-12-23T18-39-59Z-82c14dc/manifest.json,82c14dc66883980970bb812f30cced2ca2e1d352,0.1.0,"3.12.2 (v3.12.2:6abddd9f6a, Feb  6 2024, 17:02:06) [Clang 13.0.0 (clang-1300.0.29.30)]",macOS-26.0.1-arm64-arm-64bit,321,configs/wfv_flagship_sample.yaml,2ed595b438a01052f3e29e629b1081804e66d46655017f7d8248170d69380fea,,,,false,artifacts/sample_wfv/2025-12-23T18-39-59Z-82c14dc/integrity.json,2020-01-02,2021-12-31,,,skip_months=1|top_frac=0.3500,,,,,,,,,,
sample_wfv_holdout,2025-12-21T20-53-05Z-4457b33,artifacts/sample_wfv_holdout/2025-12-21T20-53-05Z-4457b33,artifacts/sample_wfv_holdout/2025-12-21T20-53-05Z-4457b33/manifest.json,4457b33773c24c5e7179bc4df0346c150e8d5876,0.1.0,"3.12.2 (v3.12.2:6abddd9f6a, Feb  6 2024, 17:02:06) [Clang 13.0.0 (clang-1300.0.29.30)]",macOS-26.0.1-arm64-arm-64bit,321,configs/wfv_flagship_sample_holdout.yaml,d07891662ad83d8447eabd803a80f6616b101f3fc4334bd7c43052cb1552ed6a,,,,,,2020-01-02,2021-06-30,2021-07-01,2021-12-31,skip_months=1|top_frac=0.3500,artifacts/sample_wfv_holdout/2025-12-21T20-53-05Z-4457b33/holdout_metrics.json,artifacts/sample_wfv_holdout/2025-12-21T20-53-05Z-4457b33/holdout_manifest.json,1.289266,0.377421,0.093584,0.278590,5417903.298637,82,0,1142732.302164
sample_wfv_holdout,2025-12-22T00-40-53Z-99a072e,artifacts/sample_wfv_holdout/2025-12-22T00-40-53Z-99a072e,artifacts/sample_wfv_holdout/2025-12-22T00-40-53Z-99a072e/manifest.json,99a072e4f8408b4aeaa87f5af444d5103f96b5d5,0.1.0,"3.12.2 (v3.12.2:6abddd9f6a, Feb  6 2024, 17:02:06) [Clang 13.0.0 (clang-1300.0.29.30)]",macOS-26.0.1-arm64-arm-64bit,321,configs/wfv_flagship_sample_holdout.yaml,d07891662ad83d8447eabd803a80f6616b101f3fc4334bd7c43052cb1552ed6a,,,,,,2020-01-02,2021-06-30,2021-07-01,2021-12-31,skip_months=1|top_frac=0.3500,artifacts/sample_wfv_holdout/2025-12-22T00-40-53Z-99a072e/holdout_metrics.json,artifacts/sample_wfv_holdout/2025-12-22T00-40-53Z-99a072e/holdout_manifest.json,1.289266,0.377421,0.093584,0.278590,5417903.298637,82,0,1142732.302164
sample_wfv_non_degenerate,2025-12-26T02-36-37Z-6c3fc9f,artifacts/sample_wfv_non_degenerate/2025-12-26T02-36-37Z-6c3fc9f,artifacts/sample_wfv_non_degenerate/2025-12-26T02-36-37Z-6c3fc9f/manifest.json,6c3fc9f686916c134e15f70334cb568cd527155a,0.1.0,"3.12.2 (v3.12.2:6abddd9f6a, Feb  6 2024, 17:02:06) [Clang 13.0.0 (clang-1300.0.29.30)]",macOS-26.0.1-arm64-arm-64bit,321,docs/agent_runs/20251226_023453_ticket-13_fix-wrds-degeneracy/wfv_sample_non_degenerate.yaml,59e332a26665b2cd1295579d2d57882350d34f9698b3f1fb0bad56f9496fc2be,,false,[],true,artifacts/sample_wfv_non_degenerate/2025-12-26T02-36-37Z-6c3fc9f/integrity.json,2020-01-02,2021-12-31,,,,,,,,,,,,,
wrds_flagship,2025-11-12T17-30-40Z-b2eaf50,artifacts/wrds_flagship/2025-11-12T17-30-40Z-b2eaf50,artifacts/wrds_flagship/2025-11-12T17-30-40Z-b2eaf50/manifest.json,b2eaf5082bce0aa12d66c0a2e22aa3e2150f035c,0.1.0,"3.12.2 (v3.12.2:6abddd9f6a, Feb  6 2024, 17:02:06) [Clang 13.0.0 (clang-1300.0.29.30)]",macOS-26.0.1-arm64-arm-64bit,20251010,configs/wfv_flagship_wrds.yaml,e8ca0b39d592c33159540d9ba2997ce4d9887c524928b289bec5e9a093ee9eb1,,,,,,,,,,,,,,,,,,,,
wrds_flagship,2025-11-12T17-50-34Z-b2eaf50,artifacts/wrds_flagship/2025-11-12T17-50-34Z-b2eaf50,artifacts/wrds_flagship/2025-11-12T17-50-34Z-b2eaf50/manifest.json,b2eaf5082bce0aa12d66c0a2e22aa3e2150f035c,0.1.0,"3.12.2 (v3.12.2:6abddd9f6a, Feb  6 2024, 17:02:06) [Clang 13.0.0 (clang-1300.0.29.30)]",macOS-26.0.1-arm64-arm-64bit,20251010,configs/wfv_flagship_wrds.yaml,e8ca0b39d592c33159540d9ba2997ce4d9887c524928b289bec5e9a093ee9eb1,,,,,,,,,,,,,,,,,,,,
wrds_flagship,2025-11-12T18-50-58Z-b2eaf50,artifacts/wrds_flagship/2025-11-12T18-50-58Z-b2eaf50,artifacts/wrds_flagship/2025-11-12T18-50-58Z-b2eaf50/manifest.json,b2eaf5082bce0aa12d66c0a2e22aa3e2150f035c,0.1.0,"3.12.2 (v3.12.2:6abddd9f6a, Feb  6 2024, 17:02:06) [Clang 13.0.0 (clang-1300.0.29.30)]",macOS-26.0.1-arm64-arm-64bit,20251010,configs/wfv_flagship_wrds.yaml,e8ca0b39d592c33159540d9ba2997ce4d9887c524928b289bec5e9a093ee9eb1,,,,,,,,,,,,,,,,,,,,
wrds_flagship,2025-11-20T23-00-05Z-54912a8,artifacts/wrds_flagship/2025-11-20T23-00-05Z-54912a8,artifacts/wrds_flagship/2025-11-20T23-00-05Z-54912a8/manifest.json,54912a86b15c0f96e7c2f81c2d965235403a1082,0.1.0,"3.12.2 (v3.12.2:6abddd9f6a, Feb  6 2024, 17:02:06) [Clang 13.0.0 (clang-1300.0.29.30)]",macOS-26.0.1-arm64-arm-64bit,20251010,configs/wfv_flagship_wrds.yaml,6c6837d450515de9a2c31539e5d9f40e6edd9f379b61e0d1782b127244529018,,,,,,,,,,,,,,,,,,,,
wrds_flagship,2025-11-20T23-21-15Z-54912a8,artifacts/wrds_flagship/2025-11-20T23-21-15Z-54912a8,artifacts/wrds_flagship/2025-11-20T23-21-15Z-54912a8/manifest.json,54912a86b15c0f96e7c2f81c2d965235403a1082,0.1.0,"3.12.2 (v3.12.2:6abddd9f6a, Feb  6 2024, 17:02:06) [Clang 13.0.0 (clang-1300.0.29.30)]",macOS-26.0.1-arm64-arm-64bit,20251010,configs/wfv_flagship_wrds.yaml,4d6b59aa5c3530ef879b3ad332a381b73ec44d78b8d020df3b7cb6f878efd252,,,,,,,,,,,,,,,,,,,,
wrds_flagship,2025-11-21T00-28-22Z-54912a8,artifacts/wrds_flagship/2025-11-21T00-28-22Z-54912a8,artifacts/wrds_flagship/2025-11-21T00-28-22Z-54912a8/manifest.json,54912a86b15c0f96e7c2f81c2d965235403a1082,0.1.0,"3.12.2 (v3.12.2:6abddd9f6a, Feb  6 2024, 17:02:06) [Clang 13.0.0 (clang-1300.0.29.30)]",macOS-26.0.1-arm64-arm-64bit,20251010,configs/wfv_flagship_wrds.yaml,4d6b59aa5c3530ef879b3ad332a381b73ec44d78b8d020df3b7cb6f878efd252,,,,,,,,,,,,,,,,,,,,
wrds_flagship,2025-11-22T00-19-43Z-c792b44,artifacts/wrds_flagship/2025-11-22T00-19-43Z-c792b44,artifacts/wrds_flagship/2025-11-22T00-19-43Z-c792b44/manifest.json,c792b44c86d8603501821f5a23f3ab9aa54068b3,0.1.0,"3.12.2 (v3.12.2:6abddd9f6a, Feb  6 2024, 17:02:06) [Clang 13.0.0 (clang-1300.0.29.30)]",macOS-26.0.1-arm64-arm-64bit,20251010,configs/wfv_flagship_wrds_smoke.yaml,b5cb94634adb0ce32493b47238f5772e66740a8d98fef8b78de31193b907b4ce,,,,,,,,,,,,,,,,,,,,
wrds_flagship,2025-11-22T00-21-14Z-c792b44,artifacts/wrds_flagship/2025-11-22T00-21-14Z-c792b44,artifacts/wrds_flagship/2025-11-22T00-21-14Z-c792b44/manifest.json,c792b44c86d8603501821f5a23f3ab9aa54068b3,0.1.0,"3.12.2 (v3.12.2:6abddd9f6a, Feb  6 2024, 17:02:06) [Clang 13.0.0 (clang-1300.0.29.30)]",macOS-26.0.1-arm64-arm-64bit,20251010,configs/wfv_flagship_wrds_smoke.yaml,b5cb94634adb0ce32493b47238f5772e66740a8d98fef8b78de31193b907b4ce,,,,,,,,,,,,,,,,,,,,
wrds_flagship,2025-11-22T00-27-37Z-c792b44,artifacts/wrds_flagship/2025-11-22T00-27-37Z-c792b44,artifacts/wrds_flagship/2025-11-22T00-27-37Z-c792b44/manifest.json,c792b44c86d8603501821f5a23f3ab9aa54068b3,0.1.0,"3.12.2 (v3.12.2:6abddd9f6a, Feb  6 2024, 17:02:06) [Clang 13.0.0 (clang-1300.0.29.30)]",macOS-26.0.1-arm64-arm-64bit,20251010,configs/wfv_flagship_wrds.yaml,b74b4795a4fb152153c938479bd5e69194f582033e3c34eff53cead101387705,,,,,,,,,,,,,,,,,,,,
wrds_flagship,2025-11-22T00-42-55Z-c792b44,artifacts/wrds_flagship/2025-11-22T00-42-55Z-c792b44,artifacts/wrds_flagship/2025-11-22T00-42-55Z-c792b44/manifest.json,c792b44c86d8603501821f5a23f3ab9aa54068b3,0.1.0,"3.12.2 (v3.12.2:6abddd9f6a, Feb  6 2024, 17:02:06) [Clang 13.0.0 (clang-1300.0.29.30)]",macOS-26.0.1-arm64-arm-64bit,20251010,configs/wfv_flagship_wrds.yaml,b74b4795a4fb152153c938479bd5e69194f582033e3c34eff53cead101387705,,,,,,,,,,,,,,,,,,,,
wrds_flagship,2025-11-22T01-13-32Z-c792b44,artifacts/wrds_flagship/2025-11-22T01-13-32Z-c792b44,artifacts/wrds_flagship/2025-11-22T01-13-32Z-c792b44/manifest.json,c792b44c86d8603501821f5a23f3ab9aa54068b3,0.1.0,"3.12.2 (v3.12.2:6abddd9f6a, Feb  6 2024, 17:02:06) [Clang 13.0.0 (clang-1300.0.29.30)]",macOS-26.0.1-arm64-arm-64bit,20251010,configs/wfv_flagship_wrds.yaml,b74b4795a4fb152153c938479bd5e69194f582033e3c34eff53cead101387705,,,,,,,,,,,,,,,,,,,,
wrds_flagship,2025-12-21T22-32-44Z-2b48ef7,artifacts/wrds_flagship/2025-12-21T22-32-44Z-2b48ef7,artifacts/wrds_flagship/2025-12-21T22-32-44Z-2b48ef7/manifest.json,2b48ef75f24acdb206db20d9f5a2681366ac5afa,0.1.0,"3.12.2 (v3.12.2:6abddd9f6a, Feb  6 2024, 17:02:06) [Clang 13.0.0 (clang-1300.0.29.30)]",macOS-26.0.1-arm64-arm-64bit,20251010,configs/wfv_flagship_wrds.yaml,2df6e3a29705cb9f1515ecb22400c5d1faa96e79be73e822ac65c8440f1861da,,,,,,2005-01-03,2020-12-31,2021-01-04,2024-12-31,allocator_kwargs={'risk_model': 'equal'}|lookback_months=12|skip_months=1|top_frac=0.2000,artifacts/wrds_flagship/2025-12-21T22-32-44Z-2b48ef7/holdout_metrics.json,artifacts/wrds_flagship/2025-12-21T22-32-44Z-2b48ef7/holdout_manifest.json,0.000000,,0.000000,,0.000000,0,,0.000000
wrds_flagship,2025-12-23T19-40-24Z-ff2979d,artifacts/wrds_flagship/2025-12-23T19-40-24Z-ff2979d,artifacts/wrds_flagship/2025-12-23T19-40-24Z-ff2979d/manifest.json,ff2979dc021bca4fa513d0f41d290715587ffa37,0.1.0,"3.12.2 (v3.12.2:6abddd9f6a, Feb  6 2024, 17:02:06) [Clang 13.0.0 (clang-1300.0.29.30)]",macOS-26.0.1-arm64-arm-64bit,20251010,configs/wfv_flagship_wrds.yaml,2df6e3a29705cb9f1515ecb22400c5d1faa96e79be73e822ac65c8440f1861da,,,,false,artifacts/wrds_flagship/2025-12-23T19-40-24Z-ff2979d/integrity.json,2005-01-03,2020-12-31,2021-01-04,2024-12-31,allocator_kwargs={'risk_model': 'equal'}|lookback_months=12|skip_months=1|top_frac=0.2000,artifacts/wrds_flagship/2025-12-23T19-40-24Z-ff2979d/holdout_metrics.json,artifacts/wrds_flagship/2025-12-23T19-40-24Z-ff2979d/holdout_manifest.json,0.000000,,0.000000,,0.000000,0,0,0.000000
wrds_flagship,2025-12-26T06-20-30Z-364496b,artifacts/wrds_flagship/2025-12-26T06-20-30Z-364496b,artifacts/wrds_flagship/2025-12-26T06-20-30Z-364496b/manifest.json,364496bfb456acf2e8930b6feb8183169cc071dd,0.1.0,"3.12.2 (v3.12.2:6abddd9f6a, Feb  6 2024, 17:02:06) [Clang 13.0.0 (clang-1300.0.29.30)]",macOS-26.0.1-arm64-arm-64bit,20251010,configs/wfv_flagship_wrds.yaml,ef077baabca4bc6b4b8c88528cf059fe893c609238f33b2a85ae052c796bd632,,false,[],true,artifacts/wrds_flagship/2025-12-26T06-20-30Z-364496b/integrity.json,2005-01-03,2020-12-31,2021-01-04,2024-12-31,,,,,,,,,,,
wrds_flagship,2025-12-26T17-21-39Z-75ce3c8,artifacts/wrds_flagship/2025-12-26T17-21-39Z-75ce3c8,artifacts/wrds_flagship/2025-12-26T17-21-39Z-75ce3c8/manifest.json,75ce3c83b152564d4e9fc3291ba78d753fa5a39f,0.1.0,"3.12.2 (v3.12.2:6abddd9f6a, Feb  6 2024, 17:02:06) [Clang 13.0.0 (clang-1300.0.29.30)]",macOS-26.0.1-arm64-arm-64bit,20251010,configs/wfv_flagship_wrds.yaml,ef077baabca4bc6b4b8c88528cf059fe893c609238f33b2a85ae052c796bd632,,false,[],false,artifacts/wrds_flagship/2025-12-26T17-21-39Z-75ce3c8/integrity.json,2005-01-03,2020-12-31,2021-01-04,2024-12-31,allocator_kwargs={'risk_model': 'equal'}|lookback_months=18|skip_months=1|top_frac=0.2000,artifacts/wrds_flagship/2025-12-26T17-21-39Z-75ce3c8/holdout_metrics.json,artifacts/wrds_flagship/2025-12-26T17-21-39Z-75ce3c8/holdout_manifest.json,0.000000,,0.000000,,0.000000,0,0,0.000000
wrds_flagship_debug,2025-12-26T06-58-12Z-d4c8edf,artifacts/wrds_flagship_debug/2025-12-26T06-58-12Z-d4c8edf,artifacts/wrds_flagship_debug/2025-12-26T06-58-12Z-d4c8edf/manifest.json,d4c8edf7ac1890dc2bec33e8025dab3bc80652ba,0.1.0,"3.12.2 (v3.12.2:6abddd9f6a, Feb  6 2024, 17:02:06) [Clang 13.0.0 (clang-1300.0.29.30)]",macOS-26.0.1-arm64-arm-64bit,20251010,docs/agent_runs/20251226_065226_ticket-13_fix-wrds-degeneracy/wfv_flagship_wrds_single_fold.yaml,88ed6652f94dd903a722b769796733e744753926df8a1b25e1ec0ea201c96ab9,,false,[],true,artifacts/wrds_flagship_debug/2025-12-26T06-58-12Z-d4c8edf/integrity.json,2016-01-04,2018-10-09,,,,,,,,,,,,,
wrds_flagship_debug,2025-12-26T07-00-41Z-d4c8edf,artifacts/wrds_flagship_debug/2025-12-26T07-00-41Z-d4c8edf,artifacts/wrds_flagship_debug/2025-12-26T07-00-41Z-d4c8edf/manifest.json,d4c8edf7ac1890dc2bec33e8025dab3bc80652ba,0.1.0,"3.12.2 (v3.12.2:6abddd9f6a, Feb  6 2024, 17:02:06) [Clang 13.0.0 (clang-1300.0.29.30)]",macOS-26.0.1-arm64-arm-64bit,20251010,docs/agent_runs/20251226_065226_ticket-13_fix-wrds-degeneracy/wfv_flagship_wrds_single_fold.yaml,88ed6652f94dd903a722b769796733e744753926df8a1b25e1ec0ea201c96ab9,,false,[],true,artifacts/wrds_flagship_debug/2025-12-26T07-00-41Z-d4c8edf/integrity.json,2016-01-04,2018-10-09,,,,,,,,,,,,,
wrds_flagship_debug,2025-12-26T09-33-29Z-695a387,artifacts/wrds_flagship_debug/2025-12-26T09-33-29Z-695a387,artifacts/wrds_flagship_debug/2025-12-26T09-33-29Z-695a387/manifest.json,695a3871edb8f3e0b868a70c5b8ef30437258e59,0.1.0,"3.12.2 (v3.12.2:6abddd9f6a, Feb  6 2024, 17:02:06) [Clang 13.0.0 (clang-1300.0.29.30)]",macOS-26.0.1-arm64-arm-64bit,20251010,docs/agent_runs/20251226_091335_ticket-14_order-flow-trace/wfv_flagship_wrds_single_fold.yaml,737f3a4b2be3d3bc26610ad4d9363355906aea7a1e21ca9c6cf1f176290b94d2,,false,[],true,artifacts/wrds_flagship_debug/2025-12-26T09-33-29Z-695a387/integrity.json,2016-01-04,2018-10-09,,,,,,,,,,,,,
wrds_flagship_debug,2025-12-26T09-44-24Z-695a387,artifacts/wrds_flagship_debug/2025-12-26T09-44-24Z-695a387,artifacts/wrds_flagship_debug/2025-12-26T09-44-24Z-695a387/manifest.json,695a3871edb8f3e0b868a70c5b8ef30437258e59,0.1.0,"3.12.2 (v3.12.2:6abddd9f6a, Feb  6 2024, 17:02:06) [Clang 13.0.0 (clang-1300.0.29.30)]",macOS-26.0.1-arm64-arm-64bit,20251010,docs/agent_runs/20251226_091335_ticket-14_order-flow-trace/wfv_flagship_wrds_single_fold.yaml,737f3a4b2be3d3bc26610ad4d9363355906aea7a1e21ca9c6cf1f176290b94d2,,false,[],false,artifacts/wrds_flagship_debug/2025-12-26T09-44-24Z-695a387/integrity.json,2016-01-04,2018-10-09,,,allocator_kwargs={'risk_model': 'equal'}|lookback_months=12|skip_months=1|top_frac=0.2000,,,,,,,,,,
wrds_flagship_smoke,2025-12-21T06-06-35Z-0dbb291,artifacts/wrds_flagship_smoke/2025-12-21T06-06-35Z-0dbb291,artifacts/wrds_flagship_smoke/2025-12-21T06-06-35Z-0dbb291/manifest.json,0dbb29184bf1bc7ac59e312d84057047a90db0d4,0.1.0,"3.12.2 (v3.12.2:6abddd9f6a, Feb  6 2024, 17:02:06) [Clang 13.0.0 (clang-1300.0.29.30)]",macOS-26.0.1-arm64-arm-64bit,20251010,configs/wfv_flagship_wrds_smoke.yaml,e53964cd635dd979aea03aa47d990cbbdc89f6162a4ed56e9ca105f8d7b4e72c,,,,,,,,,,,,,,,,,,,,
wrds_flagship_smoke,2025-12-21T21-28-14Z-33c9c2a,artifacts/wrds_flagship_smoke/2025-12-21T21-28-14Z-33c9c2a,artifacts/wrds_flagship_smoke/2025-12-21T21-28-14Z-33c9c2a/manifest.json,33c9c2a0bab056c4296a66ee652af49cc646f7df,0.1.0,"3.12.2 (v3.12.2:6abddd9f6a, Feb  6 2024, 17:02:06) [Clang 13.0.0 (clang-1300.0.29.30)]",macOS-26.0.1-arm64-arm-64bit,20251010,configs/wfv_flagship_wrds_smoke.yaml,ef57e3c65feffe3796e3cb4ca7462e1eb1b0e96f408a842f0abad8e4cf5b3e40,,,,,,2015-01-05,2018-12-31,2019-01-02,2019-12-31,allocator_kwargs={'risk_model': 'equal'}|lookback_months=12|skip_months=1|top_frac=0.2000,artifacts/wrds_flagship_smoke/2025-12-21T21-28-14Z-33c9c2a/holdout_metrics.json,artifacts/wrds_flagship_smoke/2025-12-21T21-28-14Z-33c9c2a/holdout_manifest.json,0.000000,0.000000,0.000000,0.000000,0.000000,0,0,15000000.000000
wrds_flagship_smoke,2025-12-23T03-04-54Z-e1a0a20,artifacts/wrds_flagship_smoke/2025-12-23T03-04-54Z-e1a0a20,artifacts/wrds_flagship_smoke/2025-12-23T03-04-54Z-e1a0a20/manifest.json,e1a0a205f939586d115d93208fe7020901c7389f,0.1.0,"3.12.2 (v3.12.2:6abddd9f6a, Feb  6 2024, 17:02:06) [Clang 13.0.0 (clang-1300.0.29.30)]",macOS-26.0.1-arm64-arm-64bit,20251010,configs/wfv_flagship_wrds_smoke.yaml,ef57e3c65feffe3796e3cb4ca7462e1eb1b0e96f408a842f0abad8e4cf5b3e40,,,,,,2015-01-05,2018-12-31,2019-01-02,2019-12-31,allocator_kwargs={'risk_model': 'equal'}|lookback_months=12|skip_months=1|top_frac=0.2000,artifacts/wrds_flagship_smoke/2025-12-23T03-04-54Z-e1a0a20/holdout_metrics.json,artifacts/wrds_flagship_smoke/2025-12-23T03-04-54Z-e1a0a20/holdout_manifest.json,0.000000,0.000000,0.000000,0.000000,0.000000,0,0,15000000.000000
wrds_flagship_smoke,2025-12-23T06-05-28Z-afe1765,artifacts/wrds_flagship_smoke/2025-12-23T06-05-28Z-afe1765,artifacts/wrds_flagship_smoke/2025-12-23T06-05-28Z-afe1765/manifest.json,afe1765416e3cbfcfcab802c73d011b8c9b6d4af,0.1.0,"3.12.2 (v3.12.2:6abddd9f6a, Feb  6 2024, 17:02:06) [Clang 13.0.0 (clang-1300.0.29.30)]",macOS-26.0.1-arm64-arm-64bit,20251010,configs/wfv_flagship_wrds_smoke.yaml,ef57e3c65feffe3796e3cb4ca7462e1eb1b0e96f408a842f0abad8e4cf5b3e40,,,,,,2015-01-05,2018-12-31,2019-01-02,2019-12-31,allocator_kwargs={'risk_model': 'equal'}|lookback_months=12|skip_months=1|top_frac=0.2000,artifacts/wrds_flagship_smoke/2025-12-23T06-05-28Z-afe1765/holdout_metrics.json,artifacts/wrds_flagship_smoke/2025-12-23T06-05-28Z-afe1765/holdout_manifest.json,0.136972,0.000047,0.000140,0.000344,705.995700,20,2,15000705.904457
wrds_flagship_smoke,2025-12-23T19-19-16Z-809607a,artifacts/wrds_flagship_smoke/2025-12-23T19-19-16Z-809607a,artifacts/wrds_flagship_smoke/2025-12-23T19-19-16Z-809607a/manifest.json,809607a99a7daef013906a745114d080094cf2ea,0.1.0,"3.12.2 (v3.12.2:6abddd9f6a, Feb  6 2024, 17:02:06) [Clang 13.0.0 (clang-1300.0.29.30)]",macOS-26.0.1-arm64-arm-64bit,20251010,configs/wfv_flagship_wrds_smoke.yaml,9479177c643c401c84cab94d8c943c9aa56d7607cad268f7ef0dc129f6cfb009,,,,false,artifacts/wrds_flagship_smoke/2025-12-23T19-19-16Z-809607a/integrity.json,2015-01-05,2018-12-31,2019-01-02,2019-12-31,allocator_kwargs={'risk_model': 'equal'}|lookback_months=12|skip_months=1|top_frac=0.2000,artifacts/wrds_flagship_smoke/2025-12-23T19-19-16Z-809607a/holdout_metrics.json,artifacts/wrds_flagship_smoke/2025-12-23T19-19-16Z-809607a/holdout_manifest.json,0.000000,0.000000,0.000000,0.000000,0.000000,0,0,15000000.000000
wrds_flagship_smoke,2025-12-23T20-19-56Z-7ca855f,artifacts/wrds_flagship_smoke/2025-12-23T20-19-56Z-7ca855f,artifacts/wrds_flagship_smoke/2025-12-23T20-19-56Z-7ca855f/manifest.json,7ca855fe74141b1bffd3740dec102d5d22f5d556,0.1.0,"3.12.2 (v3.12.2:6abddd9f6a, Feb  6 2024, 17:02:06) [Clang 13.0.0 (clang-1300.0.29.30)]",macOS-26.0.1-arm64-arm-64bit,20251010,configs/wfv_flagship_wrds_smoke.yaml,9479177c643c401c84cab94d8c943c9aa56d7607cad268f7ef0dc129f6cfb009,,,,false,artifacts/wrds_flagship_smoke/2025-12-23T20-19-56Z-7ca855f/integrity.json,2015-01-05,2018-12-31,2019-01-02,2019-12-31,allocator_kwargs={'risk_model': 'equal'}|lookback_months=12|skip_months=1|top_frac=0.2000,artifacts/wrds_flagship_smoke/2025-12-23T20-19-56Z-7ca855f/holdout_metrics.json,artifacts/wrds_flagship_smoke/2025-12-23T20-19-56Z-7ca855f/holdout_manifest.json,0.000000,0.000000,0.000000,0.000000,0.000000,0,0,15000000.000000
wrds_flagship_smoke,2025-12-24T05-15-43Z-559a99e,artifacts/wrds_flagship_smoke/2025-12-24T05-15-43Z-559a99e,artifacts/wrds_flagship_smoke/2025-12-24T05-15-43Z-559a99e/manifest.json,559a99e401d416b942b77fbf4b0bba10095cae9a,0.1.0,"3.12.2 (v3.12.2:6abddd9f6a, Feb  6 2024, 17:02:06) [Clang 13.0.0 (clang-1300.0.29.30)]",macOS-26.0.1-arm64-arm-64bit,20251010,configs/wfv_flagship_wrds_smoke.yaml,9479177c643c401c84cab94d8c943c9aa56d7607cad268f7ef0dc129f6cfb009,,false,[],false,artifacts/wrds_flagship_smoke/2025-12-24T05-15-43Z-559a99e/integrity.json,2015-01-05,2018-12-31,2019-01-02,2019-12-31,allocator_kwargs={'risk_model': 'equal'}|lookback_months=12|skip_months=1|top_frac=0.2000,artifacts/wrds_flagship_smoke/2025-12-24T05-15-43Z-559a99e/holdout_metrics.json,artifacts/wrds_flagship_smoke/2025-12-24T05-15-43Z-559a99e/holdout_manifest.json,0.000000,0.000000,0.000000,0.000000,0.000000,0,0,15000000.000000
wrds_flagship_smoke,2025-12-26T06-19-16Z-364496b,artifacts/wrds_flagship_smoke/2025-12-26T06-19-16Z-364496b,artifacts/wrds_flagship_smoke/2025-12-26T06-19-16Z-364496b/manifest.json,364496bfb456acf2e8930b6feb8183169cc071dd,0.1.0,"3.12.2 (v3.12.2:6abddd9f6a, Feb  6 2024, 17:02:06) [Clang 13.0.0 (clang-1300.0.29.30)]",macOS-26.0.1-arm64-arm-64bit,20251010,configs/wfv_flagship_wrds_smoke.yaml,348df2d0a4290160a99b88053810a886ccddb3e9d839eba21bcdcac7c9fc8bb3,,false,[],true,artifacts/wrds_flagship_smoke/2025-12-26T06-19-16Z-364496b/integrity.json,2015-01-05,2018-12-31,2019-01-02,2019-12-31,,,,,,,,,,,
wrds_single_test,2025-11-12T00-52-17Z-65187e4,artifacts/wrds_single_test/2025-11-12T00-52-17Z-65187e4,artifacts/wrds_single_test/2025-11-12T00-52-17Z-65187e4/manifest.json,65187e44169e7bf779ad538ad8b316b0f10d90b1,0.1.0,"3.12.2 (v3.12.2:6abddd9f6a, Feb  6 2024, 17:02:06) [Clang 13.0.0 (clang-1300.0.29.30)]",macOS-26.0.1-arm64-arm-64bit,20251010,configs/flagship_wrds_single.yaml,225728eb166603692d0104273b19a9733b302d539d1f53f73363cd816ae24dd0,,,,,,,,,,,,,,,,,,,,
